{
  "version": "2.0.0-light-complete",
  "name": "jarvis-ultra-instinct-light-complete",
  "dependencies": {
    "@types/node": {
      "version": "20.19.12",
      "resolved": "https://registry.npmjs.org/@types/node/-/node-20.19.12.tgz",
      "overridden": false
    },
    "@types/react-dom": {
      "version": "18.3.7",
      "resolved": "https://registry.npmjs.org/@types/react-dom/-/react-dom-18.3.7.tgz",
      "overridden": false
    },
    "@types/react": {
      "version": "18.3.24",
      "resolved": "https://registry.npmjs.org/@types/react/-/react-18.3.24.tgz",
      "overridden": false
    },
    "autoprefixer": {
      "version": "10.4.21",
      "resolved": "https://registry.npmjs.org/autoprefixer/-/autoprefixer-10.4.21.tgz",
      "overridden": false
    },
    "axios": {
      "version": "1.11.0",
      "resolved": "https://registry.npmjs.org/axios/-/axios-1.11.0.tgz",
      "overridden": false
    },
    "class-variance-authority": {
      "version": "0.7.1",
      "resolved": "https://registry.npmjs.org/class-variance-authority/-/class-variance-authority-0.7.1.tgz",
      "overridden": false
    },
    "clsx": {
      "version": "2.1.1",
      "resolved": "https://registry.npmjs.org/clsx/-/clsx-2.1.1.tgz",
      "overridden": false
    },
    "groq-sdk": {
      "version": "0.32.0",
      "resolved": "https://registry.npmjs.org/groq-sdk/-/groq-sdk-0.32.0.tgz",
      "overridden": false
    },
    "lucide-react": {
      "version": "0.263.1",
      "resolved": "https://registry.npmjs.org/lucide-react/-/lucide-react-0.263.1.tgz",
      "overridden": false
    },
    "next": {
      "version": "14.2.32",
      "resolved": "https://registry.npmjs.org/next/-/next-14.2.32.tgz",
      "overridden": false
    },
    "postcss": {
      "version": "8.5.6",
      "resolved": "https://registry.npmjs.org/postcss/-/postcss-8.5.6.tgz",
      "overridden": false
    },
    "react-dom": {
      "version": "18.3.1",
      "resolved": "https://registry.npmjs.org/react-dom/-/react-dom-18.3.1.tgz",
      "overridden": false
    },
    "react-force-graph-3d": {
      "version": "1.29.0",
      "resolved": "https://registry.npmjs.org/react-force-graph-3d/-/react-force-graph-3d-1.29.0.tgz",
      "overridden": false
    },
    "react-is": {
      "version": "19.1.1",
      "resolved": "https://registry.npmjs.org/react-is/-/react-is-19.1.1.tgz",
      "overridden": false
    },
    "react": {
      "version": "18.3.1",
      "resolved": "https://registry.npmjs.org/react/-/react-18.3.1.tgz",
      "overridden": false
    },
    "tailwind-merge": {
      "version": "3.3.1",
      "resolved": "https://registry.npmjs.org/tailwind-merge/-/tailwind-merge-3.3.1.tgz",
      "overridden": false
    },
    "tailwindcss": {
      "version": "4.1.13",
      "resolved": "https://registry.npmjs.org/tailwindcss/-/tailwindcss-4.1.13.tgz",
      "overridden": false
    },
    "three-spritetext": {
      "version": "1.10.0",
      "resolved": "https://registry.npmjs.org/three-spritetext/-/three-spritetext-1.10.0.tgz",
      "overridden": false
    },
    "three": {
      "version": "0.180.0",
      "resolved": "https://registry.npmjs.org/three/-/three-0.180.0.tgz",
      "overridden": false
    },
    "typescript": {
      "version": "5.9.2",
      "resolved": "https://registry.npmjs.org/typescript/-/typescript-5.9.2.tgz",
      "overridden": false
    }
  }
}
